<?xml version="1.0" encoding="UTF-8"?>
<ruleset>
	<rule ref="./vendor/mediawiki/mediawiki-codesniffer/MediaWiki">
		<exclude name="MediaWiki.ControlStructures.AssignmentInControlStructures.AssignmentInControlStructures" />
		<exclude name="MediaWiki.Files.ClassMatchesFilename.NotMatch" />
		<exclude name="Generic.Files.OneObjectStructurePerFile.MultipleFound" />
		<exclude name="MediaWiki.NamingConventions.LowerCamelFunctionsName.FunctionName" />
		<exclude name="MediaWiki.Usage.DeprecatedConstantUsage.DB_SLAVE" /><!-- Supports MediaWiki 1.22 -->
		<exclude name="MediaWiki.VariableAnalysis.ForbiddenGlobalVariables.ForbiddenGlobal$wgTitle" />
		<exclude name="MediaWiki.WhiteSpace.SpaceBeforeSingleLineComment" />
		<exclude name="Generic.Arrays.DisallowLongArraySyntax" />
		<exclude name="Generic.CodeAnalysis.ForLoopWithTestFunctionCall.NotAllowed" />
		<exclude name="Generic.Files.LineLength.TooLong" />
		<exclude name="Generic.PHP.NoSilencedErrors.Discouraged" />
		<exclude name="Generic.PHP.SAPIUsage.FunctionFound" />
		<exclude name="Squiz.Scope.StaticThisUsage.Found" />
		<exclude name="Squiz.Scope.MethodScope.Missing" />
		<exclude name="MediaWiki.Commenting.FunctionComment.MissingDocumentationProtected" />
		<exclude name="MediaWiki.Commenting.FunctionComment.MissingDocumentationPublic" />
		<exclude name="MediaWiki.Commenting.FunctionComment.MissingParamComment" />
		<exclude name="MediaWiki.Commenting.FunctionComment.WrongStyle" />
	</rule>
	<rule ref="MediaWiki.NamingConventions.PrefixedGlobalFunctions">
		<properties>
			<property name="ignoreList" type="array" value="registerAutoloaderPath,isReadablePath,addArguments,runTestAutoLoader" />
		</properties>
	</rule>
	<rule ref="MediaWiki.NamingConventions.ValidGlobalName">
		<properties>
			<property name="ignoreList" type="array" value="$smwgContLang,$smwgDefaultStore,$edgValues" />
		</properties>
	</rule>
	<!-- keep support for php 5.3 -->
	<rule ref="Generic.Arrays.DisallowShortArraySyntax" />
	<file>.</file>
	<arg name="extensions" value="php"/>
	<arg name="encoding" value="UTF-8"/>
</ruleset>
